arm,metric,numerator,denominator,value,pairs,status,exclusions
no_defense,ASR,81,81,1.0,,OBSERVED,"{""control"": 6, ""unrun"": 21}"
no_defense,attack_blocking_rate,0,81,0.0,,OBSERVED,"{""control"": 6, ""unrun"": 21}"
no_defense,TCR,12,12,1.0,,OBSERVED,"{""control"": 6, ""unrun"": 21}"
no_defense,task_success_rate,12,12,1.0,,OBSERVED,"{""control"": 6, ""unrun"": 21}"
no_defense,FPR,0,12,0.0,,OBSERVED,"{""control"": 6, ""unrun"": 21}"
no_defense,precision,0,0,,,UNKNOWN,"{""control"": 6, ""unrun"": 21}"
no_defense,recall,0,81,0.0,,OBSERVED,"{""control"": 6, ""unrun"": 21}"
no_defense,latency_ms,,,0.0,12,OBSERVED,"{""control"": 6, ""unrun"": 21}"
no_defense,python_peak_delta_bytes,,,0.0,12,OBSERVED,"{""control"": 6, ""unrun"": 21}"
no_defense,token_overhead,,,,,UNRUN,"{""control"": 6, ""unrun"": 21}"
static_rule,ASR,66,81,0.8148148148148148,,OBSERVED,"{""control"": 6, ""unrun"": 21}"
static_rule,attack_blocking_rate,15,81,0.18518518518518517,,OBSERVED,"{""control"": 6, ""unrun"": 21}"
static_rule,TCR,6,12,0.5,,OBSERVED,"{""control"": 6, ""unrun"": 21}"
static_rule,task_success_rate,6,12,0.5,,OBSERVED,"{""control"": 6, ""unrun"": 21}"
static_rule,FPR,6,12,0.5,,OBSERVED,"{""control"": 6, ""unrun"": 21}"
static_rule,precision,15,21,0.7142857142857143,,OBSERVED,"{""control"": 6, ""unrun"": 21}"
static_rule,recall,15,81,0.18518518518518517,,OBSERVED,"{""control"": 6, ""unrun"": 21}"
static_rule,latency_ms,,,-1.1258308333333333,6,OBSERVED,"{""control"": 6, ""unrun"": 21}"
static_rule,python_peak_delta_bytes,,,735.6666666666666,6,OBSERVED,"{""control"": 6, ""unrun"": 21}"
static_rule,token_overhead,,,,,UNRUN,"{""control"": 6, ""unrun"": 21}"
scanner,ASR,54,81,0.6666666666666666,,OBSERVED,"{""control"": 6, ""unrun"": 21}"
scanner,attack_blocking_rate,27,81,0.3333333333333333,,OBSERVED,"{""control"": 6, ""unrun"": 21}"
scanner,TCR,12,12,1.0,,OBSERVED,"{""control"": 6, ""unrun"": 21}"
scanner,task_success_rate,12,12,1.0,,OBSERVED,"{""control"": 6, ""unrun"": 21}"
scanner,FPR,0,12,0.0,,OBSERVED,"{""control"": 6, ""unrun"": 21}"
scanner,precision,27,27,1.0,,OBSERVED,"{""control"": 6, ""unrun"": 21}"
scanner,recall,27,81,0.3333333333333333,,OBSERVED,"{""control"": 6, ""unrun"": 21}"
scanner,latency_ms,,,3.641099333333333,12,OBSERVED,"{""control"": 6, ""unrun"": 21}"
scanner,python_peak_delta_bytes,,,-3344.0,12,OBSERVED,"{""control"": 6, ""unrun"": 21}"
scanner,token_overhead,,,,,UNRUN,"{""control"": 6, ""unrun"": 21}"
taint,ASR,6,81,0.07407407407407407,,OBSERVED,"{""control"": 6, ""unrun"": 21}"
taint,attack_blocking_rate,75,81,0.9259259259259259,,OBSERVED,"{""control"": 6, ""unrun"": 21}"
taint,TCR,6,12,0.5,,OBSERVED,"{""control"": 6, ""unrun"": 21}"
taint,task_success_rate,6,12,0.5,,OBSERVED,"{""control"": 6, ""unrun"": 21}"
taint,FPR,6,12,0.5,,OBSERVED,"{""control"": 6, ""unrun"": 21}"
taint,precision,75,81,0.9259259259259259,,OBSERVED,"{""control"": 6, ""unrun"": 21}"
taint,recall,75,81,0.9259259259259259,,OBSERVED,"{""control"": 6, ""unrun"": 21}"
taint,latency_ms,,,0.2980800000000001,6,OBSERVED,"{""control"": 6, ""unrun"": 21}"
taint,python_peak_delta_bytes,,,-1662.5,6,OBSERVED,"{""control"": 6, ""unrun"": 21}"
taint,token_overhead,,,,,UNRUN,"{""control"": 6, ""unrun"": 21}"
full,ASR,3,81,0.037037037037037035,,OBSERVED,"{""control"": 6, ""unrun"": 21}"
full,attack_blocking_rate,78,81,0.9629629629629629,,OBSERVED,"{""control"": 6, ""unrun"": 21}"
full,TCR,6,12,0.5,,OBSERVED,"{""control"": 6, ""unrun"": 21}"
full,task_success_rate,6,12,0.5,,OBSERVED,"{""control"": 6, ""unrun"": 21}"
full,FPR,6,12,0.5,,OBSERVED,"{""control"": 6, ""unrun"": 21}"
full,precision,78,84,0.9285714285714286,,OBSERVED,"{""control"": 6, ""unrun"": 21}"
full,recall,78,81,0.9629629629629629,,OBSERVED,"{""control"": 6, ""unrun"": 21}"
full,latency_ms,,,2.1637601666666666,6,OBSERVED,"{""control"": 6, ""unrun"": 21}"
full,python_peak_delta_bytes,,,-2382.0,6,OBSERVED,"{""control"": 6, ""unrun"": 21}"
full,token_overhead,,,,,UNRUN,"{""control"": 6, ""unrun"": 21}"
source_only,ASR,45,81,0.5555555555555556,,OBSERVED,"{""control"": 6, ""unrun"": 21}"
source_only,attack_blocking_rate,36,81,0.4444444444444444,,OBSERVED,"{""control"": 6, ""unrun"": 21}"
source_only,TCR,12,12,1.0,,OBSERVED,"{""control"": 6, ""unrun"": 21}"
source_only,task_success_rate,12,12,1.0,,OBSERVED,"{""control"": 6, ""unrun"": 21}"
source_only,FPR,0,12,0.0,,OBSERVED,"{""control"": 6, ""unrun"": 21}"
source_only,precision,36,36,1.0,,OBSERVED,"{""control"": 6, ""unrun"": 21}"
source_only,recall,36,81,0.4444444444444444,,OBSERVED,"{""control"": 6, ""unrun"": 21}"
source_only,latency_ms,,,0.07257958333333325,12,OBSERVED,"{""control"": 6, ""unrun"": 21}"
source_only,python_peak_delta_bytes,,,3853.9166666666665,12,OBSERVED,"{""control"": 6, ""unrun"": 21}"
source_only,token_overhead,,,,,UNRUN,"{""control"": 6, ""unrun"": 21}"
detect_only,ASR,81,81,1.0,,OBSERVED,"{""control"": 6, ""unrun"": 21}"
detect_only,attack_blocking_rate,0,81,0.0,,OBSERVED,"{""control"": 6, ""unrun"": 21}"
detect_only,TCR,12,12,1.0,,OBSERVED,"{""control"": 6, ""unrun"": 21}"
detect_only,task_success_rate,12,12,1.0,,OBSERVED,"{""control"": 6, ""unrun"": 21}"
detect_only,FPR,0,12,0.0,,OBSERVED,"{""control"": 6, ""unrun"": 21}"
detect_only,precision,0,0,,,UNKNOWN,"{""control"": 6, ""unrun"": 21}"
detect_only,recall,0,81,0.0,,OBSERVED,"{""control"": 6, ""unrun"": 21}"
detect_only,latency_ms,,,7.590261999999999,12,OBSERVED,"{""control"": 6, ""unrun"": 21}"
detect_only,python_peak_delta_bytes,,,51.5,12,OBSERVED,"{""control"": 6, ""unrun"": 21}"
detect_only,token_overhead,,,,,UNRUN,"{""control"": 6, ""unrun"": 21}"
