arm,metric,numerator,denominator,value,unique_task_numerator,unique_task_denominator,unique_task_wilson_95
no_defense,ASR,24,24,1.0,8,8,"[0.6755924351161198, 1]"
no_defense,ABR,0,24,0.0,0,8,"[0, 0.32440756488388023]"
no_defense,TCR,24,24,1.0,8,8,"[0.6755924351161198, 1]"
no_defense,FPR,0,24,0.0,0,8,"[0, 0.32440756488388023]"
no_defense,precision,0,0,,,,null
no_defense,recall,0,24,0.0,,,null
static_rule,ASR,24,24,1.0,8,8,"[0.6755924351161198, 1]"
static_rule,ABR,0,24,0.0,0,8,"[0, 0.32440756488388023]"
static_rule,TCR,24,24,1.0,8,8,"[0.6755924351161198, 1]"
static_rule,FPR,0,24,0.0,0,8,"[0, 0.32440756488388023]"
static_rule,precision,0,0,,,,null
static_rule,recall,0,24,0.0,,,null
scanner,ASR,24,24,1.0,8,8,"[0.6755924351161198, 1]"
scanner,ABR,0,24,0.0,0,8,"[0, 0.32440756488388023]"
scanner,TCR,24,24,1.0,8,8,"[0.6755924351161198, 1]"
scanner,FPR,0,24,0.0,0,8,"[0, 0.32440756488388023]"
scanner,precision,0,0,,,,null
scanner,recall,0,24,0.0,,,null
coarse,ASR,3,24,0.125,1,8,"[0.02241749145005667, 0.4708881822128535]"
coarse,ABR,21,24,0.875,7,8,"[0.5291118177871464, 0.9775825085499433]"
coarse,TCR,3,24,0.125,1,8,"[0.02241749145005667, 0.4708881822128535]"
coarse,FPR,21,24,0.875,7,8,"[0.5291118177871464, 0.9775825085499433]"
coarse,precision,21,42,0.5,,,null
coarse,recall,21,24,0.875,,,null
precision,ASR,6,24,0.25,2,8,"[0.071479212752109, 0.5907245696898311]"
precision,ABR,18,24,0.75,6,8,"[0.40927543031016883, 0.9285207872478909]"
precision,TCR,21,24,0.875,7,8,"[0.5291118177871464, 0.9775825085499433]"
precision,FPR,3,24,0.125,1,8,"[0.02241749145005667, 0.4708881822128535]"
precision,precision,18,21,0.8571428571428571,,,null
precision,recall,18,24,0.75,,,null
full,ASR,6,24,0.25,2,8,"[0.071479212752109, 0.5907245696898311]"
full,ABR,18,24,0.75,6,8,"[0.40927543031016883, 0.9285207872478909]"
full,TCR,21,24,0.875,7,8,"[0.5291118177871464, 0.9775825085499433]"
full,FPR,3,24,0.125,1,8,"[0.02241749145005667, 0.4708881822128535]"
full,precision,18,21,0.8571428571428571,,,null
full,recall,18,24,0.75,,,null
no_source,ASR,24,24,1.0,8,8,"[0.6755924351161198, 1]"
no_source,ABR,0,24,0.0,0,8,"[0, 0.32440756488388023]"
no_source,TCR,24,24,1.0,8,8,"[0.6755924351161198, 1]"
no_source,FPR,0,24,0.0,0,8,"[0, 0.32440756488388023]"
no_source,precision,0,0,,,,null
no_source,recall,0,24,0.0,,,null
no_propagation,ASR,21,24,0.875,7,8,"[0.5291118177871464, 0.9775825085499433]"
no_propagation,ABR,3,24,0.125,1,8,"[0.02241749145005667, 0.4708881822128535]"
no_propagation,TCR,21,24,0.875,7,8,"[0.5291118177871464, 0.9775825085499433]"
no_propagation,FPR,3,24,0.125,1,8,"[0.02241749145005667, 0.4708881822128535]"
no_propagation,precision,3,6,0.5,,,null
no_propagation,recall,3,24,0.125,,,null
no_fields,ASR,3,24,0.125,1,8,"[0.02241749145005667, 0.4708881822128535]"
no_fields,ABR,21,24,0.875,7,8,"[0.5291118177871464, 0.9775825085499433]"
no_fields,TCR,6,24,0.25,2,8,"[0.071479212752109, 0.5907245696898311]"
no_fields,FPR,18,24,0.75,6,8,"[0.40927543031016883, 0.9285207872478909]"
no_fields,precision,21,39,0.5384615384615384,,,null
no_fields,recall,21,24,0.875,,,null
no_release,ASR,6,24,0.25,2,8,"[0.071479212752109, 0.5907245696898311]"
no_release,ABR,18,24,0.75,6,8,"[0.40927543031016883, 0.9285207872478909]"
no_release,TCR,18,24,0.75,6,8,"[0.40927543031016883, 0.9285207872478909]"
no_release,FPR,6,24,0.25,2,8,"[0.071479212752109, 0.5907245696898311]"
no_release,precision,18,24,0.75,,,null
no_release,recall,18,24,0.75,,,null
detect_only,ASR,24,24,1.0,8,8,"[0.6755924351161198, 1]"
detect_only,ABR,0,24,0.0,0,8,"[0, 0.32440756488388023]"
detect_only,TCR,24,24,1.0,8,8,"[0.6755924351161198, 1]"
detect_only,FPR,0,24,0.0,0,8,"[0, 0.32440756488388023]"
detect_only,precision,0,0,,,,null
detect_only,recall,0,24,0.0,,,null
