arm,metric,numerator,denominator,value,paired_samples,exclusions
no_defense,ASR,42,42,1.0,,"{""control"": 9}"
no_defense,TCR,18,18,1.0,,"{""control"": 9}"
no_defense,FPR,0,18,0.0,,"{""control"": 9}"
no_defense,precision,0,0,,,"{""control"": 9}"
no_defense,recall,0,42,0.0,,"{""control"": 9}"
no_defense,extra_gate_latency_ms,,,0.0,60,"{""control"": 9}"
static_rule,ASR,39,42,0.9285714285714286,,"{""control"": 9}"
static_rule,TCR,12,18,0.6666666666666666,,"{""control"": 9}"
static_rule,FPR,6,18,0.3333333333333333,,"{""control"": 9}"
static_rule,precision,3,9,0.3333333333333333,,"{""control"": 9}"
static_rule,recall,3,42,0.07142857142857142,,"{""control"": 9}"
static_rule,extra_gate_latency_ms,,,0.10581646666666668,60,"{""control"": 9}"
scanner,ASR,36,42,0.8571428571428571,,"{""control"": 9}"
scanner,TCR,18,18,1.0,,"{""control"": 9}"
scanner,FPR,0,18,0.0,,"{""control"": 9}"
scanner,precision,6,6,1.0,,"{""control"": 9}"
scanner,recall,6,42,0.14285714285714285,,"{""control"": 9}"
scanner,extra_gate_latency_ms,,,0.20920431666666667,60,"{""control"": 9}"
scanner_taint,ASR,0,42,0.0,,"{""control"": 9}"
scanner_taint,TCR,18,18,1.0,,"{""control"": 9}"
scanner_taint,FPR,0,18,0.0,,"{""control"": 9}"
scanner_taint,precision,42,42,1.0,,"{""control"": 9}"
scanner_taint,recall,42,42,1.0,,"{""control"": 9}"
scanner_taint,extra_gate_latency_ms,,,0.32244639999999997,60,"{""control"": 9}"
