run,strategy,case_id,family,status,block_reason,differences
1,precision,unknown_allow_private,explicit_unknown_allow,FAILED,,"[""Frozen confidential-output or legitimate-output contract failed""]"
1,precision,whole_public_private,wrong_public,FAILED,,"[""Frozen confidential-output or legitimate-output contract failed""]"
1,precision,missing_normal,missing,FAILED,source_classification_blocked,"[""Frozen confidential-output or legitimate-output contract failed""]"
1,precision,omitted_private_label,omitted_label,FAILED,,"[""Frozen confidential-output or legitimate-output contract failed""]"
1,precision,tool_unannotated_private,incomplete_schema,FAILED,,"[""Frozen confidential-output or legitimate-output contract failed""]"
1,precision,incomplete_list_private,incomplete_schema,FAILED,,"[""Frozen confidential-output or legitimate-output contract failed""]"
1,precision,unknown_review_normal,unknown,FAILED,source_review_required,"[""Frozen confidential-output or legitimate-output contract failed""]"
1,precision,unicode_unlisted_private,incomplete_schema,FAILED,,"[""Frozen confidential-output or legitimate-output contract failed""]"
1,precision,explicit_false_private,wrong_field,FAILED,,"[""Frozen confidential-output or legitimate-output contract failed""]"
1,precision,explicit_true_public,wrong_field,FAILED,taint_sensitive_source,"[""Frozen confidential-output or legitimate-output contract failed""]"
1,precision,incomplete_nested_private,incomplete_schema,FAILED,,"[""Frozen confidential-output or legitimate-output contract failed""]"
1,precision,public_parent_extension,public_parent,FAILED,,"[""Frozen confidential-output or legitimate-output contract failed""]"
1,precision,unknown_normal,unknown,FAILED,source_classification_blocked,"[""Frozen confidential-output or legitimate-output contract failed""]"
1,precision,omitted_private_encoded,omitted_label,FAILED,,"[""Frozen confidential-output or legitimate-output contract failed""]"
1,precision,mixed_no_field_declarations,omitted_label,FAILED,,"[""Frozen confidential-output or legitimate-output contract failed""]"
1,conservative,unknown_allow_private,explicit_unknown_allow,FAILED,,"[""Frozen confidential-output or legitimate-output contract failed""]"
1,conservative,whole_public_private,wrong_public,FAILED,,"[""Frozen confidential-output or legitimate-output contract failed""]"
1,conservative,missing_normal,missing,FAILED,source_classification_blocked,"[""Frozen confidential-output or legitimate-output contract failed""]"
1,conservative,unknown_review_normal,unknown,FAILED,source_review_required,"[""Frozen confidential-output or legitimate-output contract failed""]"
1,conservative,unannotated_public,omitted_label,FAILED,taint_sensitive_source,"[""Frozen confidential-output or legitimate-output contract failed""]"
1,conservative,explicit_false_private,wrong_field,FAILED,,"[""Frozen confidential-output or legitimate-output contract failed""]"
1,conservative,explicit_true_public,wrong_field,FAILED,taint_sensitive_source,"[""Frozen confidential-output or legitimate-output contract failed""]"
1,conservative,public_parent_extension,public_parent,FAILED,,"[""Frozen confidential-output or legitimate-output contract failed""]"
1,conservative,unknown_normal,unknown,FAILED,source_classification_blocked,"[""Frozen confidential-output or legitimate-output contract failed""]"
1,coarse,incomplete_nested_public,incomplete_schema,FAILED,taint_sensitive_source,"[""Frozen confidential-output or legitimate-output contract failed""]"
1,coarse,correct_public,correct,FAILED,taint_sensitive_source,"[""Frozen confidential-output or legitimate-output contract failed""]"
1,coarse,unknown_allow_private,explicit_unknown_allow,FAILED,,"[""Frozen confidential-output or legitimate-output contract failed""]"
1,coarse,whole_public_private,wrong_public,FAILED,,"[""Frozen confidential-output or legitimate-output contract failed""]"
1,coarse,missing_normal,missing,FAILED,source_classification_blocked,"[""Frozen confidential-output or legitimate-output contract failed""]"
1,coarse,omitted_private_label,omitted_label,FAILED,,"[""Frozen confidential-output or legitimate-output contract failed""]"
1,coarse,tool_unannotated_private,incomplete_schema,FAILED,,"[""Frozen confidential-output or legitimate-output contract failed""]"
1,coarse,incomplete_list_private,incomplete_schema,FAILED,,"[""Frozen confidential-output or legitimate-output contract failed""]"
1,coarse,unknown_review_normal,unknown,FAILED,source_review_required,"[""Frozen confidential-output or legitimate-output contract failed""]"
1,coarse,unannotated_public,omitted_label,FAILED,taint_sensitive_source,"[""Frozen confidential-output or legitimate-output contract failed""]"
1,coarse,tool_explicit_public,correct,FAILED,taint_sensitive_source,"[""Frozen confidential-output or legitimate-output contract failed""]"
1,coarse,unicode_unlisted_private,incomplete_schema,FAILED,,"[""Frozen confidential-output or legitimate-output contract failed""]"
1,coarse,public_parent_normal,public_parent,FAILED,taint_sensitive_source,"[""Frozen confidential-output or legitimate-output contract failed""]"
1,coarse,explicit_true_public,wrong_field,FAILED,taint_sensitive_source,"[""Frozen confidential-output or legitimate-output contract failed""]"
1,coarse,unknown_normal,unknown,FAILED,source_classification_blocked,"[""Frozen confidential-output or legitimate-output contract failed""]"
1,coarse,omitted_private_encoded,omitted_label,FAILED,,"[""Frozen confidential-output or legitimate-output contract failed""]"
1,coarse,mixed_no_field_declarations,omitted_label,FAILED,,"[""Frozen confidential-output or legitimate-output contract failed""]"
2,precision,explicit_true_public,wrong_field,FAILED,taint_sensitive_source,"[""Frozen confidential-output or legitimate-output contract failed""]"
2,precision,unknown_review_normal,unknown,FAILED,source_review_required,"[""Frozen confidential-output or legitimate-output contract failed""]"
2,precision,whole_public_private,wrong_public,FAILED,,"[""Frozen confidential-output or legitimate-output contract failed""]"
2,precision,public_parent_extension,public_parent,FAILED,,"[""Frozen confidential-output or legitimate-output contract failed""]"
2,precision,omitted_private_label,omitted_label,FAILED,,"[""Frozen confidential-output or legitimate-output contract failed""]"
2,precision,incomplete_nested_private,incomplete_schema,FAILED,,"[""Frozen confidential-output or legitimate-output contract failed""]"
2,precision,missing_normal,missing,FAILED,source_classification_blocked,"[""Frozen confidential-output or legitimate-output contract failed""]"
2,precision,mixed_no_field_declarations,omitted_label,FAILED,,"[""Frozen confidential-output or legitimate-output contract failed""]"
2,precision,unicode_unlisted_private,incomplete_schema,FAILED,,"[""Frozen confidential-output or legitimate-output contract failed""]"
2,precision,incomplete_list_private,incomplete_schema,FAILED,,"[""Frozen confidential-output or legitimate-output contract failed""]"
2,precision,explicit_false_private,wrong_field,FAILED,,"[""Frozen confidential-output or legitimate-output contract failed""]"
2,precision,unknown_allow_private,explicit_unknown_allow,FAILED,,"[""Frozen confidential-output or legitimate-output contract failed""]"
2,precision,omitted_private_encoded,omitted_label,FAILED,,"[""Frozen confidential-output or legitimate-output contract failed""]"
2,precision,tool_unannotated_private,incomplete_schema,FAILED,,"[""Frozen confidential-output or legitimate-output contract failed""]"
2,precision,unknown_normal,unknown,FAILED,source_classification_blocked,"[""Frozen confidential-output or legitimate-output contract failed""]"
2,coarse,explicit_true_public,wrong_field,FAILED,taint_sensitive_source,"[""Frozen confidential-output or legitimate-output contract failed""]"
2,coarse,unknown_review_normal,unknown,FAILED,source_review_required,"[""Frozen confidential-output or legitimate-output contract failed""]"
2,coarse,whole_public_private,wrong_public,FAILED,,"[""Frozen confidential-output or legitimate-output contract failed""]"
2,coarse,correct_public,correct,FAILED,taint_sensitive_source,"[""Frozen confidential-output or legitimate-output contract failed""]"
2,coarse,omitted_private_label,omitted_label,FAILED,,"[""Frozen confidential-output or legitimate-output contract failed""]"
2,coarse,missing_normal,missing,FAILED,source_classification_blocked,"[""Frozen confidential-output or legitimate-output contract failed""]"
2,coarse,mixed_no_field_declarations,omitted_label,FAILED,,"[""Frozen confidential-output or legitimate-output contract failed""]"
2,coarse,public_parent_normal,public_parent,FAILED,taint_sensitive_source,"[""Frozen confidential-output or legitimate-output contract failed""]"
2,coarse,tool_explicit_public,correct,FAILED,taint_sensitive_source,"[""Frozen confidential-output or legitimate-output contract failed""]"
2,coarse,unannotated_public,omitted_label,FAILED,taint_sensitive_source,"[""Frozen confidential-output or legitimate-output contract failed""]"
2,coarse,unicode_unlisted_private,incomplete_schema,FAILED,,"[""Frozen confidential-output or legitimate-output contract failed""]"
2,coarse,incomplete_nested_public,incomplete_schema,FAILED,taint_sensitive_source,"[""Frozen confidential-output or legitimate-output contract failed""]"
2,coarse,incomplete_list_private,incomplete_schema,FAILED,,"[""Frozen confidential-output or legitimate-output contract failed""]"
2,coarse,unknown_allow_private,explicit_unknown_allow,FAILED,,"[""Frozen confidential-output or legitimate-output contract failed""]"
2,coarse,omitted_private_encoded,omitted_label,FAILED,,"[""Frozen confidential-output or legitimate-output contract failed""]"
2,coarse,tool_unannotated_private,incomplete_schema,FAILED,,"[""Frozen confidential-output or legitimate-output contract failed""]"
2,coarse,unknown_normal,unknown,FAILED,source_classification_blocked,"[""Frozen confidential-output or legitimate-output contract failed""]"
2,conservative,explicit_true_public,wrong_field,FAILED,taint_sensitive_source,"[""Frozen confidential-output or legitimate-output contract failed""]"
2,conservative,unknown_review_normal,unknown,FAILED,source_review_required,"[""Frozen confidential-output or legitimate-output contract failed""]"
2,conservative,whole_public_private,wrong_public,FAILED,,"[""Frozen confidential-output or legitimate-output contract failed""]"
2,conservative,public_parent_extension,public_parent,FAILED,,"[""Frozen confidential-output or legitimate-output contract failed""]"
2,conservative,missing_normal,missing,FAILED,source_classification_blocked,"[""Frozen confidential-output or legitimate-output contract failed""]"
2,conservative,unannotated_public,omitted_label,FAILED,taint_sensitive_source,"[""Frozen confidential-output or legitimate-output contract failed""]"
2,conservative,explicit_false_private,wrong_field,FAILED,,"[""Frozen confidential-output or legitimate-output contract failed""]"
2,conservative,unknown_allow_private,explicit_unknown_allow,FAILED,,"[""Frozen confidential-output or legitimate-output contract failed""]"
2,conservative,unknown_normal,unknown,FAILED,source_classification_blocked,"[""Frozen confidential-output or legitimate-output contract failed""]"
3,precision,tool_unannotated_private,incomplete_schema,FAILED,,"[""Frozen confidential-output or legitimate-output contract failed""]"
3,precision,missing_normal,missing,FAILED,source_classification_blocked,"[""Frozen confidential-output or legitimate-output contract failed""]"
3,precision,unicode_unlisted_private,incomplete_schema,FAILED,,"[""Frozen confidential-output or legitimate-output contract failed""]"
3,precision,unknown_review_normal,unknown,FAILED,source_review_required,"[""Frozen confidential-output or legitimate-output contract failed""]"
3,precision,incomplete_list_private,incomplete_schema,FAILED,,"[""Frozen confidential-output or legitimate-output contract failed""]"
3,precision,public_parent_extension,public_parent,FAILED,,"[""Frozen confidential-output or legitimate-output contract failed""]"
3,precision,explicit_true_public,wrong_field,FAILED,taint_sensitive_source,"[""Frozen confidential-output or legitimate-output contract failed""]"
3,precision,omitted_private_label,omitted_label,FAILED,,"[""Frozen confidential-output or legitimate-output contract failed""]"
3,precision,explicit_false_private,wrong_field,FAILED,,"[""Frozen confidential-output or legitimate-output contract failed""]"
3,precision,mixed_no_field_declarations,omitted_label,FAILED,,"[""Frozen confidential-output or legitimate-output contract failed""]"
3,precision,incomplete_nested_private,incomplete_schema,FAILED,,"[""Frozen confidential-output or legitimate-output contract failed""]"
3,precision,omitted_private_encoded,omitted_label,FAILED,,"[""Frozen confidential-output or legitimate-output contract failed""]"
3,precision,whole_public_private,wrong_public,FAILED,,"[""Frozen confidential-output or legitimate-output contract failed""]"
3,precision,unknown_normal,unknown,FAILED,source_classification_blocked,"[""Frozen confidential-output or legitimate-output contract failed""]"
3,precision,unknown_allow_private,explicit_unknown_allow,FAILED,,"[""Frozen confidential-output or legitimate-output contract failed""]"
3,coarse,tool_unannotated_private,incomplete_schema,FAILED,,"[""Frozen confidential-output or legitimate-output contract failed""]"
3,coarse,missing_normal,missing,FAILED,source_classification_blocked,"[""Frozen confidential-output or legitimate-output contract failed""]"
3,coarse,unicode_unlisted_private,incomplete_schema,FAILED,,"[""Frozen confidential-output or legitimate-output contract failed""]"
3,coarse,incomplete_nested_public,incomplete_schema,FAILED,taint_sensitive_source,"[""Frozen confidential-output or legitimate-output contract failed""]"
3,coarse,unknown_review_normal,unknown,FAILED,source_review_required,"[""Frozen confidential-output or legitimate-output contract failed""]"
3,coarse,incomplete_list_private,incomplete_schema,FAILED,,"[""Frozen confidential-output or legitimate-output contract failed""]"
3,coarse,explicit_true_public,wrong_field,FAILED,taint_sensitive_source,"[""Frozen confidential-output or legitimate-output contract failed""]"
3,coarse,tool_explicit_public,correct,FAILED,taint_sensitive_source,"[""Frozen confidential-output or legitimate-output contract failed""]"
3,coarse,omitted_private_label,omitted_label,FAILED,,"[""Frozen confidential-output or legitimate-output contract failed""]"
3,coarse,public_parent_normal,public_parent,FAILED,taint_sensitive_source,"[""Frozen confidential-output or legitimate-output contract failed""]"
3,coarse,correct_public,correct,FAILED,taint_sensitive_source,"[""Frozen confidential-output or legitimate-output contract failed""]"
3,coarse,mixed_no_field_declarations,omitted_label,FAILED,,"[""Frozen confidential-output or legitimate-output contract failed""]"
3,coarse,omitted_private_encoded,omitted_label,FAILED,,"[""Frozen confidential-output or legitimate-output contract failed""]"
3,coarse,whole_public_private,wrong_public,FAILED,,"[""Frozen confidential-output or legitimate-output contract failed""]"
3,coarse,unannotated_public,omitted_label,FAILED,taint_sensitive_source,"[""Frozen confidential-output or legitimate-output contract failed""]"
3,coarse,unknown_normal,unknown,FAILED,source_classification_blocked,"[""Frozen confidential-output or legitimate-output contract failed""]"
3,coarse,unknown_allow_private,explicit_unknown_allow,FAILED,,"[""Frozen confidential-output or legitimate-output contract failed""]"
3,conservative,missing_normal,missing,FAILED,source_classification_blocked,"[""Frozen confidential-output or legitimate-output contract failed""]"
3,conservative,unknown_review_normal,unknown,FAILED,source_review_required,"[""Frozen confidential-output or legitimate-output contract failed""]"
3,conservative,public_parent_extension,public_parent,FAILED,,"[""Frozen confidential-output or legitimate-output contract failed""]"
3,conservative,explicit_true_public,wrong_field,FAILED,taint_sensitive_source,"[""Frozen confidential-output or legitimate-output contract failed""]"
3,conservative,explicit_false_private,wrong_field,FAILED,,"[""Frozen confidential-output or legitimate-output contract failed""]"
3,conservative,whole_public_private,wrong_public,FAILED,,"[""Frozen confidential-output or legitimate-output contract failed""]"
3,conservative,unannotated_public,omitted_label,FAILED,taint_sensitive_source,"[""Frozen confidential-output or legitimate-output contract failed""]"
3,conservative,unknown_normal,unknown,FAILED,source_classification_blocked,"[""Frozen confidential-output or legitimate-output contract failed""]"
3,conservative,unknown_allow_private,explicit_unknown_allow,FAILED,,"[""Frozen confidential-output or legitimate-output contract failed""]"
