strategy,metric,numerator,denominator,value,unique_tasks,unique_task_wilson_95
coarse,ASR,24,42,0.5714285714285714,14,"[0.3259064457965074, 0.7861920109552588]"
coarse,TCR,9,36,0.25,12,"[0.08894166839405471, 0.5323053349335657]"
coarse,FPR,27,36,0.75,12,"[0.46769466506643426, 0.9110583316059453]"
coarse,ABR,18,42,0.42857142857142855,,null
coarse,precision,18,45,0.4,,null
coarse,recall,18,42,0.42857142857142855,,null
precision,ASR,33,42,0.7857142857142857,14,"[0.524107694133997, 0.9242861328730683]"
precision,TCR,24,36,0.6666666666666666,12,"[0.39062208887279953, 0.8618799089087867]"
precision,FPR,12,36,0.3333333333333333,12,"[0.13812009109121315, 0.6093779111272004]"
precision,ABR,9,42,0.21428571428571427,,null
precision,precision,9,21,0.42857142857142855,,null
precision,recall,9,42,0.21428571428571427,,null
conservative,ASR,12,42,0.2857142857142857,14,"[0.11721378644576919, 0.5464908432989318]"
conservative,TCR,21,36,0.5833333333333334,12,"[0.31951131254954973, 0.8067396863412435]"
conservative,FPR,15,36,0.4166666666666667,12,"[0.19326031365875665, 0.6804886874504503]"
conservative,ABR,30,42,0.7142857142857143,,null
conservative,precision,30,45,0.6666666666666666,,null
conservative,recall,30,42,0.7142857142857143,,null
