strategy,profile,ASR,FPR
coarse,correct,"{""numerator"": 0, ""denominator"": 3, ""value"": 0.0}","{""numerator"": 6, ""denominator"": 6, ""value"": 1.0}"
coarse,explicit_unknown_allow,"{""numerator"": 3, ""denominator"": 3, ""value"": 1.0}","{""numerator"": 0, ""denominator"": 3, ""value"": 0.0}"
coarse,incomplete_schema,"{""numerator"": 9, ""denominator"": 12, ""value"": 0.75}","{""numerator"": 3, ""denominator"": 6, ""value"": 0.5}"
coarse,missing,"{""numerator"": 0, ""denominator"": 3, ""value"": 0.0}","{""numerator"": 3, ""denominator"": 3, ""value"": 1.0}"
coarse,omitted_label,"{""numerator"": 9, ""denominator"": 9, ""value"": 1.0}","{""numerator"": 3, ""denominator"": 3, ""value"": 1.0}"
coarse,public_parent,"{""numerator"": 0, ""denominator"": 3, ""value"": 0.0}","{""numerator"": 3, ""denominator"": 3, ""value"": 1.0}"
coarse,unknown,"{""numerator"": 0, ""denominator"": 3, ""value"": 0.0}","{""numerator"": 6, ""denominator"": 6, ""value"": 1.0}"
coarse,wrong_field,"{""numerator"": 0, ""denominator"": 3, ""value"": 0.0}","{""numerator"": 3, ""denominator"": 3, ""value"": 1.0}"
coarse,wrong_public,"{""numerator"": 3, ""denominator"": 3, ""value"": 1.0}","{""numerator"": 0, ""denominator"": 3, ""value"": 0.0}"
precision,correct,"{""numerator"": 0, ""denominator"": 3, ""value"": 0.0}","{""numerator"": 0, ""denominator"": 6, ""value"": 0.0}"
precision,explicit_unknown_allow,"{""numerator"": 3, ""denominator"": 3, ""value"": 1.0}","{""numerator"": 0, ""denominator"": 3, ""value"": 0.0}"
precision,incomplete_schema,"{""numerator"": 12, ""denominator"": 12, ""value"": 1.0}","{""numerator"": 0, ""denominator"": 6, ""value"": 0.0}"
precision,missing,"{""numerator"": 0, ""denominator"": 3, ""value"": 0.0}","{""numerator"": 3, ""denominator"": 3, ""value"": 1.0}"
precision,omitted_label,"{""numerator"": 9, ""denominator"": 9, ""value"": 1.0}","{""numerator"": 0, ""denominator"": 3, ""value"": 0.0}"
precision,public_parent,"{""numerator"": 3, ""denominator"": 3, ""value"": 1.0}","{""numerator"": 0, ""denominator"": 3, ""value"": 0.0}"
precision,unknown,"{""numerator"": 0, ""denominator"": 3, ""value"": 0.0}","{""numerator"": 6, ""denominator"": 6, ""value"": 1.0}"
precision,wrong_field,"{""numerator"": 3, ""denominator"": 3, ""value"": 1.0}","{""numerator"": 3, ""denominator"": 3, ""value"": 1.0}"
precision,wrong_public,"{""numerator"": 3, ""denominator"": 3, ""value"": 1.0}","{""numerator"": 0, ""denominator"": 3, ""value"": 0.0}"
conservative,correct,"{""numerator"": 0, ""denominator"": 3, ""value"": 0.0}","{""numerator"": 0, ""denominator"": 6, ""value"": 0.0}"
conservative,explicit_unknown_allow,"{""numerator"": 3, ""denominator"": 3, ""value"": 1.0}","{""numerator"": 0, ""denominator"": 3, ""value"": 0.0}"
conservative,incomplete_schema,"{""numerator"": 0, ""denominator"": 12, ""value"": 0.0}","{""numerator"": 0, ""denominator"": 6, ""value"": 0.0}"
conservative,missing,"{""numerator"": 0, ""denominator"": 3, ""value"": 0.0}","{""numerator"": 3, ""denominator"": 3, ""value"": 1.0}"
conservative,omitted_label,"{""numerator"": 0, ""denominator"": 9, ""value"": 0.0}","{""numerator"": 3, ""denominator"": 3, ""value"": 1.0}"
conservative,public_parent,"{""numerator"": 3, ""denominator"": 3, ""value"": 1.0}","{""numerator"": 0, ""denominator"": 3, ""value"": 0.0}"
conservative,unknown,"{""numerator"": 0, ""denominator"": 3, ""value"": 0.0}","{""numerator"": 6, ""denominator"": 6, ""value"": 1.0}"
conservative,wrong_field,"{""numerator"": 3, ""denominator"": 3, ""value"": 1.0}","{""numerator"": 3, ""denominator"": 3, ""value"": 1.0}"
conservative,wrong_public,"{""numerator"": 3, ""denominator"": 3, ""value"": 1.0}","{""numerator"": 0, ""denominator"": 3, ""value"": 0.0}"
